numero,grupo,grupo_nombre,visual,audio,texto_es,texto_en
0,1,Presencia y Protección,"Cielos despejados, luz brillante o rayos de sol","Campanillas de viento o arpas sutiles","¿Ves el 0? El Universo te habla. Respira profundo y siente el círculo sin fin de su energía guiándote en este momento.","Seeing 0? The Universe is speaking to you. Take a deep breath and feel the endless circle of its energy guiding you right now."
1,4,Fe y Manifestación,"Caminos iluminados o amanecer","Melodía de piano inspiradora","¿Ves el 1? Lo que piensas ahora mismo se está manifestando. Suelta el miedo y enfócate solo en lo que más deseas.","Seeing 1? What you are thinking right now is manifesting. Release fear and focus only on what you desire most."
2,4,Fe y Manifestación,"Rayos de sol abriéndose paso entre nubes","Melodía de piano cálida y esperanzadora","¿Apareció el 2? Todo está bien y continuará estándolo. Cierra los ojos, confía en la Guía Divina y deja que la esperanza transforme tu camino.","Is 2 appearing? Everything is fine and will continue to be. Close your eyes, trust the Divine Guidance, and let hope transform your path."
3,5,Propósito y Elevación,"Vista panorámica desde una cima","Coros sutiles o cuencos tibetanos","¿Ves el 3? Grandes guías espirituales te acompañan ahora. Detente un segundo y siente su energía amorosa protegiendo cada paso tuyo.","Seeing 3? Great spiritual guides are with you now. Pause for a second and feel their loving energy protecting your every step."
4,1,Presencia y Protección,"Cielo azul despejado o nubes muy suaves","Campanillas de viento o tonos etéreos","¿El 4 te persigue? No temas. La Energía Cósmica te escucha, te acompaña y te rodea de absoluta paz en este instante.","Is 4 following you? Have no fear. The Cosmic Energy hears you, walks with you, and surrounds you with absolute peace right now."
5,3,Cambio y Transición,"Sendero en un bosque con hojas moviéndose","Ritmo suave con sensación de avance o viento","¿Aparece el 5? Un cambio poderoso está ocurriendo y es para algo mejor. Suelta el pasado con gratitud y ábrete a lo nuevo.","Seeing 5? A powerful change is occurring, and it is for the better. Release the past with gratitude and open yourself to the new."
6,2,Flujo y Abundancia,"Olas de mar suaves o lago tranquilo","Sonido de agua fluyendo y música pacífica","¿Notaste el 6? Suelta ahora la preocupación por lo material. Confía en que el Universo ya está proveyendo todo lo que necesitas.","Noticed 6? Let go of your worry about material things now. Trust that the Universe is already providing everything you need."
7,4,Fe y Manifestación,"Bosque luminoso con rayos de sol filtrándose","Piano optimista y alegre","¿Ves el 7? Estás en el camino correcto. La magia del Universo abre puertas maravillosas para ti. El resultado superará tus expectativas.","Seeing 7? You are on the right path. The Universe's magic is opening wonderful doors for you. The result will exceed your expectations."
8,2,Flujo y Abundancia,"Cascada brillante o río caudaloso fluyendo","Sonidos ambientales acuáticos y música majestuosa","¿Apareció el 8? El Universo acaba de abrir un flujo infinito de abundancia para ti. Suelta el miedo y prepárate para recibir.","Did 8 appear? The Universe just opened an infinite flow of abundance for you. Release fear and get ready to receive."
9,5,Propósito y Elevación,"Montañas majestuosas y cielos vastos","Cuerdas profundas y emotivas","¿Ves el 9? El mundo necesita tu luz. Estás listo para cumplir tu propósito en esta vida. Da ese primer paso hoy.","Seeing 9? The world needs your light. You are ready to fulfill your purpose in this life. Take that first step today."
10,4,Fe y Manifestación,"Amanecer dorado sobre un horizonte despejado","Piano suave con notas ascendentes","¿Ves el 10? El Universo te pide mantener pensamientos positivos. Todo lo que visualizas ahora se está materializando a tu favor.","Seeing 10? The Universe asks you to keep positive thoughts. Everything you visualize now is materializing in your favor."
11,4,Fe y Manifestación,"Camino iluminado por faroles al atardecer","Piano con crescendo inspirador","¿El 11 te busca? Tus pensamientos son semillas poderosas en este instante. Elige solo los que reflejan la vida que mereces.","Is 11 finding you? Your thoughts are powerful seeds right now. Choose only those that reflect the life you deserve."
12,4,Fe y Manifestación,"Rayos de luz filtrándose entre árboles","Melodía de piano serena y esperanzadora","¿Apareció el 12? Mantén la fe inquebrantable. Lo que parece lento está tomando forma perfecta detrás del escenario.","Did 12 appear? Keep unshakeable faith. What seems slow is taking perfect shape behind the scenes."
13,4,Fe y Manifestación,"Puerta antigua abierta hacia la luz","Piano con notas celestiales","¿Ves el 13? Guías espirituales sostienen tu visión. Tus ideas positivas están siendo amplificadas por la Energía Cósmica ahora mismo.","Seeing 13? Spiritual guides are holding your vision. Your positive ideas are being amplified by the Cosmic Energy right now."
14,4,Fe y Manifestación,"Horizonte con rayos dorados atravesando nubes","Piano gentil con arpegios suaves","¿El 14 aparece? La Guía Divina protege cada pensamiento positivo que creas. Confía, estás siendo cuidado en cada paso.","Is 14 appearing? The Divine Guidance protects every positive thought you create. Trust, you are being cared for in every step."
15,4,Fe y Manifestación,"Sendero luminoso entre campos verdes","Piano con toques de esperanza","¿Ves el 15? Un cambio extraordinario nace de tus pensamientos. La Energía Cósmica transforma lo que imaginas en realidad.","Seeing 15? An extraordinary change is born from your thoughts. The Cosmic Energy transforms what you imagine into reality."
16,4,Fe y Manifestación,"Ventana abierta con luz dorada entrando","Piano contemplativo y cálido","¿Apareció el 16? Tus palabras son imanes cósmicos. Cuida lo que dices y piensas, porque el Universo materializa exactamente eso.","Did 16 appear? Your words are cosmic magnets. Be mindful of what you say and think, because the Universe materializes exactly that."
17,4,Fe y Manifestación,"Camino dorado bajo cielo despejado","Piano brillante y optimista","¿El 17 te sigue? Estás manifestando tu camino ideal. El Universo celebra tus decisiones y abre paso a la abundancia.","Is 17 following you? You are manifesting your ideal path. The Universe celebrates your decisions and clears the way to abundance."
18,4,Fe y Manifestación,"Puerta luminosa abriéndose al amanecer","Piano majestuoso con notas de triunfo","¿Ves el 18? Un torrente de prosperidad se activa con cada pensamiento positivo. La Guía Divina confirma tu abundancia ahora.","Seeing 18? A torrent of prosperity activates with every positive thought. The Divine Guidance confirms your abundance now."
19,4,Fe y Manifestación,"Camino ascendente iluminado al atardecer","Piano emotivo con profundidad","¿Apareció el 19? Tu propósito de vida se manifiesta ahora. Cree en ti y en la misión que la Energía Cósmica diseñó para ti.","Did 19 appear? Your life purpose is manifesting now. Believe in yourself and the mission the Cosmic Energy designed for you."
20,4,Fe y Manifestación,"Rayos de sol brillando sobre un valle verde","Piano dulce y reconfortante","¿Ves el 20? El Universo te pide que llenes tu corazón de fe. Tu conexión con la Guía Divina nunca ha sido más fuerte.","Seeing 20? The Universe asks you to fill your heart with faith. Your connection to the Divine Guidance has never been stronger."
21,4,Fe y Manifestación,"Amanecer sobre el mar con cielo rosado","Piano con melodía ascendente","¿El 21 aparece? Mantén el optimismo firme. Tus pensamientos positivos están manifestando exactamente lo que tu alma necesita.","Is 21 appearing? Stay firmly optimistic. Your positive thoughts are manifesting exactly what your soul needs."
22,4,Fe y Manifestación,"Luz dorada atravesando un bosque de pinos","Piano con notas cristalinas","¿Ves el 22? Tu fe mueve montañas. Todo se está alineando perfectamente aunque no puedas verlo. Confía en el proceso.","Seeing 22? Your faith moves mountains. Everything is aligning perfectly even if you can't see it. Trust the process."
23,4,Fe y Manifestación,"Puerta de jardín abierta con luz cálida","Piano sereno con matices celestiales","¿Apareció el 23? Guías espirituales te recuerdan que la esperanza es tu superpoder. Tu fe está creando milagros silenciosos.","Did 23 appear? Spiritual guides remind you that hope is your superpower. Your faith is creating silent miracles."
24,4,Fe y Manifestación,"Horizonte dorado con nubes luminosas","Piano con arpas suaves de fondo","¿El 24 te busca? La Guía Divina y la fe se unen para protegerte. Cada oración silenciosa ya fue escuchada por el Universo.","Is 24 finding you? The Divine Guidance and faith unite to protect you. Every silent prayer has already been heard by the Universe."
25,4,Fe y Manifestación,"Camino de tierra entre árboles florecidos","Piano con ritmo de renovación","¿Ves el 25? Un cambio bendecido se acerca. Mantén la fe mientras el Universo reorganiza tu vida para algo extraordinario.","Seeing 25? A blessed change approaches. Keep faith while the Universe rearranges your life for something extraordinary."
26,4,Fe y Manifestación,"Rayos de sol sobre un campo de flores","Piano cálido con notas de gratitud","¿Apareció el 26? Habla solo de tus deseos, nunca de tus miedos. Tus afirmaciones positivas están transformando tu realidad ahora mismo.","Did 26 appear? Speak only of your desires, never of your fears. Your positive affirmations are transforming your reality right now."
27,4,Fe y Manifestación,"Bosque con luz filtrada y sendero dorado","Piano inspirador con crescendo","¿El 27 te sigue? Estás exactamente donde debes estar. Tu fe y tus decisiones correctas abren puertas que nadie puede cerrar.","Is 27 following you? You are exactly where you need to be. Your faith and right decisions open doors no one can close."
28,4,Fe y Manifestación,"Puente luminoso sobre agua tranquila","Piano con notas de celebración","¿Ves el 28? Un flujo de abundancia infinita responde a tu fe. El Universo recompensa tu confianza con prosperidad real.","Seeing 28? An infinite flow of abundance responds to your faith. The Universe rewards your trust with real prosperity."
29,4,Fe y Manifestación,"Camino ascendente con cielo estrellado","Piano profundo y contemplativo","¿Apareció el 29? Tu fe ilumina tu propósito de vida. La Guía Divina te confirma: es momento de servir al mundo con tu luz.","Did 29 appear? Your faith illuminates your life purpose. The Divine Guidance confirms: it is time to serve the world with your light."
30,5,Propósito y Elevación,"Cima de montaña con vista al amanecer","Cuencos tibetanos con resonancia profunda","¿Ves el 30? Guías espirituales y el Universo te apoyan completamente. Estás siendo guiado con amor hacia tu misión más elevada.","Seeing 30? Spiritual guides and the Universe fully support you. You are being lovingly guided toward your highest mission."
31,5,Propósito y Elevación,"Panorámica de montañas con nubes bajas","Coros etéreos con cuencos suaves","¿El 31 aparece? Tus guías espirituales te piden mantener pensamientos elevados. Tu visión positiva está creando tu destino ahora.","Is 31 appearing? Your spiritual guides ask you to keep elevated thoughts. Your positive vision is creating your destiny now."
32,5,Propósito y Elevación,"Vista desde una cumbre al atardecer","Cuencos tibetanos con melodía ascendente","¿Ves el 32? La fe y el apoyo de tus guías se unen. Confía en el camino, cada paso te acerca a tu propósito verdadero.","Seeing 32? Faith and your guides' support unite. Trust the path, every step brings you closer to your true purpose."
33,5,Propósito y Elevación,"Montañas nevadas con cielo cristalino","Coros celestiales en armonía","¿Apareció el 33? Maestros espirituales te rodean con doble fuerza. Siente su presencia ahora: estás profundamente protegido y amado.","Did 33 appear? Spiritual masters surround you with double strength. Feel their presence now: you are deeply protected and loved."
34,5,Propósito y Elevación,"Cumbre rocosa con rayos de sol dorados","Cuencos tibetanos con arpas sutiles","¿El 34 te busca? Tus guías y la Energía Cósmica te protegen en este momento. Tu propósito está siendo resguardado con amor.","Is 34 finding you? Your guides and the Cosmic Energy protect you right now. Your purpose is being guarded with love."
35,5,Propósito y Elevación,"Sendero de montaña con hojas al viento","Cuencos con ritmo de transformación","¿Ves el 35? Un cambio elevado llega a tu vida. Tus guías espirituales transforman lo viejo para revelar tu verdadera misión.","Seeing 35? An elevated change arrives in your life. Your spiritual guides transform the old to reveal your true mission."
36,5,Propósito y Elevación,"Vista panorámica de un valle verde","Coros sutiles con sonidos de naturaleza","¿Apareció el 36? Suelta la preocupación material y eleva tu mirada. Tus guías espirituales ya están proveyendo lo que necesitas.","Did 36 appear? Release material worry and lift your gaze. Your spiritual guides are already providing what you need."
37,5,Propósito y Elevación,"Cima de montaña con camino iluminado","Cuencos tibetanos con piano suave","¿El 37 te sigue? Estás en el camino correcto hacia tu propósito. Los guías espirituales celebran cada paso que das con valentía.","Is 37 following you? You are on the right path to your purpose. Spiritual guides celebrate every step you take with courage."
38,5,Propósito y Elevación,"Panorámica de un río entre montañas","Coros con resonancia de abundancia","¿Ves el 38? Tus guías espirituales te confirman: la abundancia fluye hacia ti. Tu propósito y tu prosperidad van de la mano.","Seeing 38? Your spiritual guides confirm: abundance flows toward you. Your purpose and your prosperity go hand in hand."
39,5,Propósito y Elevación,"Montañas al amanecer con cielo violeta","Cuencos tibetanos profundos y emotivos","¿Apareció el 39? Es hora de actuar. Tus guías espirituales te empujan a cumplir tu misión. El mundo espera tu contribución única.","Did 39 appear? It is time to act. Your spiritual guides push you to fulfill your mission. The world awaits your unique contribution."
40,1,Presencia y Protección,"Cielo despejado con nubes blancas luminosas","Campanillas cristalinas con arpa","¿Ves el 40? La Energía Cósmica te envuelve en protección absoluta. El Universo reafirma: no estás solo, nunca lo has estado.","Seeing 40? The Cosmic Energy wraps you in absolute protection. The Universe reaffirms: you are not alone, you never have been."
41,1,Presencia y Protección,"Rayos de sol atravesando cielo azul","Campanillas de viento con tonos suaves","¿El 41 aparece? Tu protección cósmica se une a la fuerza de tus pensamientos. Mantén la visión positiva, todo se manifiesta.","Is 41 appearing? Your cosmic protection joins the strength of your thoughts. Keep the positive vision, everything manifests."
42,1,Presencia y Protección,"Nubes suaves con luz dorada filtrándose","Arpas celestiales con campanillas","¿Ves el 42? La Guía Divina te protege mientras la fe obra en tu vida. Confía completamente, estás siendo sostenido con amor.","Seeing 42? The Divine Guidance protects you while faith works in your life. Trust completely, you are being held with love."
43,1,Presencia y Protección,"Cielo azul infinito con sol brillante","Campanillas suaves con coros lejanos","¿Apareció el 43? Tus guías espirituales y la Energía Cósmica te abrazan ahora. Siente esta paz: eres completamente protegido.","Did 43 appear? Your spiritual guides and the Cosmic Energy embrace you now. Feel this peace: you are completely protected."
44,1,Presencia y Protección,"Cielo estrellado con luna brillante","Arpas dobles con resonancia celestial","¿El 44 te persigue? Doble protección cósmica te rodea. La Energía Cósmica se manifiesta con toda su fuerza para cuidarte ahora.","Is 44 following you? Double cosmic protection surrounds you. The Cosmic Energy manifests with all its strength to guard you now."
45,1,Presencia y Protección,"Nubes moviéndose suavemente con luz solar","Campanillas con ritmo de transición","¿Ves el 45? Un cambio positivo llega bajo la protección total del Universo. Suelta el control y deja que la magia te guíe.","Seeing 45? A positive change arrives under the Universe's total protection. Release control and let the magic guide you."
46,1,Presencia y Protección,"Cielo al atardecer con tonos dorados y rosados","Arpas con sonidos acuáticos suaves","¿Apareció el 46? Suelta la ansiedad material. La Energía Cósmica te protege y al mismo tiempo provee todo lo que necesitas.","Did 46 appear? Release material anxiety. The Cosmic Energy protects you while providing everything you need."
47,1,Presencia y Protección,"Rayos de sol dorados sobre campo abierto","Campanillas con piano sutil de fondo","¿El 47 te busca? Estás protegido y en el camino correcto. La Guía Divina confirma que cada decisión tuya está siendo bendecida.","Is 47 finding you? You are protected and on the right path. The Divine Guidance confirms every decision of yours is being blessed."
48,1,Presencia y Protección,"Cielo despejado reflejado en agua cristalina","Arpas con sonidos de agua fluyendo","¿Ves el 48? Bajo la protección cósmica, un río de abundancia fluye hacia ti. El Universo te cuida y te prospera al mismo tiempo.","Seeing 48? Under cosmic protection, a river of abundance flows toward you. The Universe guards you and prospers you at the same time."
49,1,Presencia y Protección,"Cielo nocturno con estrellas brillantes","Campanillas profundas con cuencos lejanos","¿Apareció el 49? Tu protección cósmica se alinea con tu propósito de vida. La Energía Cósmica te prepara para tu misión sagrada.","Did 49 appear? Your cosmic protection aligns with your life purpose. The Cosmic Energy prepares you for your sacred mission."
50,3,Cambio y Transición,"Hojas de otoño cayendo suavemente","Sonido de viento suave entre árboles","¿Ves el 50? El Universo inicia un cambio profundo en tu vida. Respira y confía: lo que llega es infinitamente mejor que lo que dejas.","Seeing 50? The Universe initiates a deep change in your life. Breathe and trust: what arrives is infinitely better than what you leave."
51,3,Cambio y Transición,"Sendero entre árboles con luz filtrada","Viento suave con notas de piano","¿El 51 aparece? Tus pensamientos positivos aceleran el cambio que necesitas. La Energía Cósmica transforma tu realidad ahora mismo.","Is 51 appearing? Your positive thoughts accelerate the change you need. The Cosmic Energy transforms your reality right now."
52,3,Cambio y Transición,"Camino de tierra con brisa moviendo las hojas","Ritmo suave de viento con melodía esperanzadora","¿Ves el 52? Mantén la fe mientras este cambio se desarrolla. Todo está bien y la Guía Divina te lleva hacia algo hermoso.","Seeing 52? Keep faith while this change unfolds. Everything is fine and the Divine Guidance leads you toward something beautiful."
53,3,Cambio y Transición,"Bosque con hojas verdes moviéndose al viento","Viento con coros sutiles de fondo","¿Apareció el 53? Tus guías espirituales orquestan este cambio con amor. Confía en la transición, estás siendo elevado a algo mayor.","Did 53 appear? Your spiritual guides orchestrate this change with love. Trust the transition, you are being elevated to something greater."
54,3,Cambio y Transición,"Sendero luminoso con flores silvestres","Sonido de brisa con campanillas suaves","¿El 54 te busca? Este cambio tiene protección cósmica. La Energía Cósmica cuida cada detalle de tu transformación. Avanza sin miedo.","Is 54 finding you? This change has cosmic protection. The Cosmic Energy tends to every detail of your transformation. Move forward fearlessly."
55,3,Cambio y Transición,"Cascada de hojas doradas en un bosque","Viento intenso con ritmo de renovación","¿Ves el 55? Adiós a lo viejo, bienvenida a lo nuevo. Dale la bienvenida a estos cambios: traen bendiciones poderosas para ti.","Seeing 55? Goodbye to the old, welcome to the new. Embrace these changes: they bring powerful blessings for you."
56,3,Cambio y Transición,"Camino ventoso con vista al horizonte","Brisa con sonidos de agua lejana","¿Apareció el 56? Mientras cambias, suelta la preocupación por lo material. El Universo provee durante cada transición de tu vida.","Did 56 appear? As you change, release worry about material things. The Universe provides during every transition in your life."
57,3,Cambio y Transición,"Sendero ascendente entre árboles iluminados","Viento suave con piano inspirador","¿El 57 te sigue? Este cambio te pone en el camino correcto. La magia del Universo abre nuevas puertas mientras avanzas con confianza.","Is 57 following you? This change puts you on the right path. The Universe's magic opens new doors as you move forward with confidence."
58,3,Cambio y Transición,"Hojas flotando sobre un río tranquilo","Brisa con sonidos de agua fluyendo","¿Ves el 58? La abundancia llega con este cambio. Fluye con la transformación y prepárate para recibir la prosperidad que mereces.","Seeing 58? Abundance arrives with this change. Flow with the transformation and get ready to receive the prosperity you deserve."
59,3,Cambio y Transición,"Bosque profundo con luz al final del sendero","Viento con cuencos tibetanos de fondo","¿Apareció el 59? Este cambio revela tu propósito de vida. La Energía Cósmica te transforma para que cumplas tu misión sagrada.","Did 59 appear? This change reveals your life purpose. The Cosmic Energy transforms you so you can fulfill your sacred mission."
60,2,Flujo y Abundancia,"Mar turquesa con olas suaves en la orilla","Sonidos de mar con melodía fluida","¿Ves el 60? Equilibra tu atención entre lo espiritual y lo material. Tu espíritu es la fuente de todo en tu vida. Regresa al centro.","Seeing 60? Balance your attention between the spiritual and the material. Your spirit is the source of everything in your life. Return to center."
61,2,Flujo y Abundancia,"Lago cristalino reflejando el cielo","Agua fluyendo con piano suave","¿El 61 aparece? Suelta la preocupación y deja que tus pensamientos positivos atraigan la provisión perfecta. El Universo te escucha.","Is 61 appearing? Release worry and let your positive thoughts attract perfect provision. The Universe hears you."
62,2,Flujo y Abundancia,"Río tranquilo entre piedras pulidas","Sonido de agua con melodía esperanzadora","¿Ves el 62? Mantén la fe mientras sueltas lo material. La Guía Divina asegura que todo lo que necesitas ya viene en camino.","Seeing 62? Keep faith while releasing the material. The Divine Guidance ensures everything you need is already on its way."
63,2,Flujo y Abundancia,"Cascada suave en un jardín tropical","Agua cayendo con coros sutiles","¿Apareció el 63? Tus guías espirituales te liberan de la carga material. Confía: la provisión del Universo llega de formas inesperadas.","Did 63 appear? Your spiritual guides release you from material burden. Trust: the Universe's provision arrives in unexpected ways."
64,2,Flujo y Abundancia,"Mar en calma bajo cielo azul infinito","Olas suaves con campanillas de fondo","¿El 64 te busca? La Energía Cósmica te protege financieramente. Suelta el estrés y permite que la paz atraiga abundancia a tu vida.","Is 64 finding you? The Cosmic Energy protects you financially. Release stress and allow peace to attract abundance to your life."
65,2,Flujo y Abundancia,"Río entre montañas verdes con brisa suave","Agua fluyendo con ritmo de transición","¿Ves el 65? Cambios positivos llegan a tu hogar, trabajo y relaciones. Sigue tu verdad interior y recibe las bendiciones que mereces.","Seeing 65? Positive changes arrive in your home, work, and relationships. Follow your inner truth and receive the blessings you deserve."
66,2,Flujo y Abundancia,"Lago sereno al amanecer con neblina suave","Sonidos de agua profundos y envolventes","¿Apareció el 66? El estrés bloquea la guía del Universo. Medita, respira en silencio y abre tu ser a la paz que siempre te acompaña.","Did 66 appear? Stress blocks the Universe's guidance. Meditate, breathe in silence, and open yourself to the peace that always surrounds you."
67,2,Flujo y Abundancia,"Cascada brillante con arcoíris sutil","Agua cayendo con piano luminoso","¿El 67 te sigue? Estás en el camino correcto para resolver lo material. La magia del Universo abre canales de provisión inesperados.","Is 67 following you? You are on the right path to resolving the material. The Universe's magic opens unexpected channels of provision."
68,2,Flujo y Abundancia,"Mar abierto con horizonte infinito","Olas profundas con música majestuosa","¿Ves el 68? Suelta la preocupación y recibe la abundancia. El Universo te confirma: un flujo infinito de prosperidad te pertenece.","Seeing 68? Release worry and receive abundance. The Universe confirms: an infinite flow of prosperity belongs to you."
69,2,Flujo y Abundancia,"Río caudaloso al atardecer con cielo dorado","Agua fluyendo con cuerdas emotivas","¿Apareció el 69? Suelta lo material y enfócate en tu propósito. Cuando sirves a tu misión, la Energía Cósmica provee automáticamente.","Did 69 appear? Release the material and focus on your purpose. When you serve your mission, the Cosmic Energy provides automatically."
70,4,Fe y Manifestación,"Bosque con rayos de sol dorados (godrays)","Piano con melodía triunfal","¿Ves el 70? El Universo celebra tu camino. Cada paso correcto que has dado se multiplica en bendiciones. Sigue adelante con confianza.","Seeing 70? The Universe celebrates your path. Every right step you have taken multiplies into blessings. Keep moving forward with confidence."
71,4,Fe y Manifestación,"Camino dorado entre campos iluminados","Piano inspirador con crescendo","¿El 71 aparece? Estás en el camino correcto y tus pensamientos lo confirman. La Guía Divina manifiesta lo que tu mente proyecta.","Is 71 appearing? You are on the right path and your thoughts confirm it. The Divine Guidance manifests what your mind projects."
72,4,Fe y Manifestación,"Puerta luminosa en medio de un jardín","Piano con notas de esperanza","¿Ves el 72? Tu fe abre la puerta correcta. La Energía Cósmica confirma: mantén la esperanza, todo se resuelve perfectamente.","Seeing 72? Your faith opens the right door. The Cosmic Energy confirms: keep hope alive, everything resolves perfectly."
73,4,Fe y Manifestación,"Bosque luminoso con sendero ascendente","Piano con coros suaves de fondo","¿Apareció el 73? Tus guías espirituales iluminan tu camino. La magia del Universo y el apoyo invisible te llevan hacia tu destino.","Did 73 appear? Your spiritual guides illuminate your path. The Universe's magic and invisible support carry you toward your destiny."
74,4,Fe y Manifestación,"Camino entre árboles con luz dorada","Piano gentil con campanillas sutiles","¿El 74 te busca? La protección cósmica confirma tu camino correcto. La Guía Divina cuida cada paso mientras la magia se despliega.","Is 74 finding you? Cosmic protection confirms your right path. The Divine Guidance tends every step while the magic unfolds."
75,4,Fe y Manifestación,"Sendero iluminado con hojas al viento","Piano con ritmo de transformación","¿Ves el 75? Un cambio que confirma tu camino correcto. El Universo transforma tu vida para alinearte con tu más alto potencial.","Seeing 75? A change that confirms your right path. The Universe transforms your life to align you with your highest potential."
76,4,Fe y Manifestación,"Puerta abierta con luz dorada y mar al fondo","Piano con sonidos de agua suaves","¿Apareció el 76? Suelta la preocupación material. Estás en el camino correcto y la Guía Divina provee mientras avanzas con fe.","Did 76 appear? Release material worry. You are on the right path and the Divine Guidance provides as you move forward with faith."
77,4,Fe y Manifestación,"Doble arcoíris sobre un paisaje verde","Piano doble con notas de celebración","¿El 77 te persigue? Doble confirmación: estás exactamente donde debes estar. La magia del Universo trabaja a tu favor. Celebra.","Is 77 following you? Double confirmation: you are exactly where you need to be. The Universe's magic works in your favor. Celebrate."
78,4,Fe y Manifestación,"Bosque con camino dorado hacia el horizonte","Piano majestuoso con arpegios","¿Ves el 78? Tu camino correcto desbloquea abundancia infinita. El Universo recompensa tu fidelidad al camino con prosperidad real.","Seeing 78? Your right path unlocks infinite abundance. The Universe rewards your faithfulness to the path with real prosperity."
79,4,Fe y Manifestación,"Camino ascendente con vista panorámica","Piano profundo con cuerdas emotivas","¿Apareció el 79? Tu camino correcto revela tu propósito de vida. La Energía Cósmica te dice: es hora de brillar y servir al mundo.","Did 79 appear? Your right path reveals your life purpose. The Cosmic Energy tells you: it is time to shine and serve the world."
80,2,Flujo y Abundancia,"Cascada majestuosa con arcoíris de luz","Sonidos de agua poderosos con música épica","¿Ves el 80? El Universo abre las compuertas de la abundancia. La provisión cósmica llega en torrentes. Prepárate para la prosperidad.","Seeing 80? The Universe opens the floodgates of abundance. Cosmic provision arrives in torrents. Get ready for prosperity."
81,2,Flujo y Abundancia,"Río ancho fluyendo con fuerza bajo el sol","Agua caudalosa con piano de triunfo","¿El 81 aparece? Tu prosperidad se manifiesta ahora. Cada pensamiento positivo multiplica el flujo de abundancia que el Universo envía.","Is 81 appearing? Your prosperity manifests now. Every positive thought multiplies the flow of abundance the Universe sends."
82,2,Flujo y Abundancia,"Mar cristalino con horizonte infinito","Olas rítmicas con melodía esperanzadora","¿Ves el 82? Mantén la fe en tu abundancia. La Guía Divina confirma que la prosperidad ya viaja hacia ti. Solo cree y recibe.","Seeing 82? Keep faith in your abundance. The Divine Guidance confirms that prosperity is already traveling toward you. Just believe and receive."
83,2,Flujo y Abundancia,"Cascada entre rocas con vegetación exuberante","Agua fluyendo con coros celestiales","¿Apareció el 83? Tus guías espirituales activan el flujo de prosperidad en tu vida. La abundancia y el apoyo invisible se unen para ti.","Did 83 appear? Your spiritual guides activate the flow of prosperity in your life. Abundance and invisible support unite for you."
84,2,Flujo y Abundancia,"Lago tranquilo reflejando cielo con nubes","Agua serena con campanillas de fondo","¿El 84 te busca? La protección cósmica cuida tu prosperidad. El Universo asegura que la abundancia que recibes está protegida y es duradera.","Is 84 finding you? Cosmic protection guards your prosperity. The Universe ensures the abundance you receive is protected and lasting."
85,2,Flujo y Abundancia,"Río entre montañas con corriente fuerte","Agua fluyendo con ritmo de cambio","¿Ves el 85? Un cambio abre nuevos canales de abundancia. La Energía Cósmica redirige la prosperidad hacia ti de formas inesperadas.","Seeing 85? A change opens new channels of abundance. The Cosmic Energy redirects prosperity toward you in unexpected ways."
86,2,Flujo y Abundancia,"Mar en calma con atardecer dorado","Olas suaves con música pacífica profunda","¿Apareció el 86? Doble mensaje de provisión: suelta la preocupación y recibe la abundancia. El Universo te da paz y prosperidad juntas.","Did 86 appear? Double message of provision: release worry and receive abundance. The Universe gives you peace and prosperity together."
87,2,Flujo y Abundancia,"Cascada brillante con camino luminoso","Agua cayendo con piano optimista","¿El 87 te sigue? Tu abundancia y tu camino correcto se fusionan. La Guía Divina confirma: la prosperidad te encuentra cuando sigues tu verdad.","Is 87 following you? Your abundance and your right path merge. The Divine Guidance confirms: prosperity finds you when you follow your truth."
88,2,Flujo y Abundancia,"Océano vasto con olas poderosas y sol","Sonidos de agua majestuosos y envolventes","¿Ves el 88? Abundancia infinita al cuadrado. El Universo abre todos los canales de prosperidad simultáneamente. Recibe sin límites.","Seeing 88? Infinite abundance squared. The Universe opens all channels of prosperity simultaneously. Receive without limits."
89,2,Flujo y Abundancia,"Río dorado fluyendo hacia el horizonte","Agua fluyendo con cuerdas profundas","¿Apareció el 89? La abundancia te llama a cumplir tu propósito. La Energía Cósmica te prospera para que puedas servir al mundo.","Did 89 appear? Abundance calls you to fulfill your purpose. The Cosmic Energy prospers you so you can serve the world."
90,5,Propósito y Elevación,"Montañas al amanecer con cielo violeta","Cuencos tibetanos con resonancia cósmica","¿Ves el 90? El Universo confirma tu propósito. Tu misión de vida está clara. Es momento de actuar con valentía y fe absoluta.","Seeing 90? The Universe confirms your purpose. Your life mission is clear. It is time to act with courage and absolute faith."
91,5,Propósito y Elevación,"Cima de montaña con rayos de sol nacientes","Cuencos con piano inspirador","¿El 91 aparece? Tu propósito de vida se manifiesta a través de tus pensamientos positivos. La Guía Divina enciende tu camino ahora.","Is 91 appearing? Your life purpose manifests through your positive thoughts. The Divine Guidance lights your path now."
92,5,Propósito y Elevación,"Panorámica de cordillera con cielo despejado","Coros sutiles con melodía de esperanza","¿Ves el 92? Mantén la fe en tu misión. La Energía Cósmica te confirma que tu propósito se despliega perfectamente. Confía y actúa.","Seeing 92? Keep faith in your mission. The Cosmic Energy confirms your purpose unfolds perfectly. Trust and act."
93,5,Propósito y Elevación,"Montañas sagradas con nubes dramáticas","Cuencos tibetanos dobles con coros","¿Apareció el 93? Tus guías espirituales amplifican tu propósito. El apoyo invisible se intensifica. Estás siendo preparado para algo grandioso.","Did 93 appear? Your spiritual guides amplify your purpose. Invisible support intensifies. You are being prepared for something grand."
94,5,Propósito y Elevación,"Vista aérea de montañas con luz dorada","Cuencos con campanillas celestiales","¿El 94 te busca? Tu propósito tiene protección cósmica absoluta. La Energía Cósmica blinda tu misión mientras das cada paso con fe.","Is 94 finding you? Your purpose has absolute cosmic protection. The Cosmic Energy shields your mission as you take each step with faith."
95,5,Propósito y Elevación,"Cima con viento moviendo la vegetación","Cuencos tibetanos con sonido de viento","¿Ves el 95? Un cambio te acerca a tu verdadero propósito. Suelta lo que ya no sirve y deja que la Guía Divina te eleve.","Seeing 95? A change brings you closer to your true purpose. Release what no longer serves and let the Divine Guidance elevate you."
96,5,Propósito y Elevación,"Montaña junto a un lago sereno","Cuencos con sonidos de agua tranquila","¿Apareció el 96? Suelta lo material para abrazar tu propósito. El Universo provee automáticamente cuando te alineas con tu misión.","Did 96 appear? Release the material to embrace your purpose. The Universe provides automatically when you align with your mission."
97,5,Propósito y Elevación,"Panorámica de montañas con sendero dorado","Cuencos tibetanos con piano triunfal","¿El 97 te sigue? Estás en el camino correcto hacia tu propósito de vida. La magia del Universo confirma cada decisión valiente.","Is 97 following you? You are on the right path to your life purpose. The Universe's magic confirms every courageous decision."
98,5,Propósito y Elevación,"Cumbre con vista al mar infinito","Cuencos con música majestuosa de cuerdas","¿Ves el 98? Tu propósito y la abundancia se unen. La Energía Cósmica te prospera mientras cumples la misión que viniste a realizar.","Seeing 98? Your purpose and abundance unite. The Cosmic Energy prospers you as you fulfill the mission you came to accomplish."
99,5,Propósito y Elevación,"Montañas épicas con cielo estrellado","Cuencos tibetanos profundos con coros épicos","¿Apareció el 99? Doble llamado a tu misión. El Universo dice: el mundo necesita tu luz ahora. No esperes más, tu momento es hoy.","Did 99 appear? Double call to your mission. The Universe says: the world needs your light now. Wait no more, your moment is today."
